18	3926834	MU68047499	C	A
18	42865532	MU68048353	G	A
18	5021480	MU68047545	C	T
18	62992738	MU68048960	A	G
18	60986172	MU68048768	C	T
18	60986150	MU68048759	A	G
18	33310703	MU68048122	C	T
18	72228280	MU68049206	C	T
18	26714130	MU68047903	C	A
18	70138158	MU68049172	G	T
18	60986016	MU68048748	C	T
18	37404964	MU68048209	G	A
18	75936983	MU68049310	G	A
18	60988080	MU68048872	G	A
18	25038152	MU1658731	T	C
18	50316970	MU68048410	C	T
18	12982129	MU68047736	T	C
18	60986960	MU68048816	C	T
18	18584700	MU68047776	A	C
18	64094332	MU68048984	T	C
18	60985877	MU68048735	C	T
18	64769478	MU68049033	A	G
18	22898267	MU68047835	T	G
18	60987833	MU68048845	A	G
18	59236410	MU68048528	C	T
18	54367471	MU68048483	A	T
18	59712211	MU68048540	G	C
18	26480980	MU68047897	C	A
18	30350902	MU68048030	C	T
18	1513548	MU68047482	T	A
18	33164759	MU68048117	C	T
18	27327261	MU68047921	G	T
18	13832717	MU68047761	A	T
18	1157179	MU68047464	G	C
18	74421598	MU68049271	T	C
18	60983991	MU68048612	A	T
18	34072553	MU68048131	G	T
18	60986153	MU67973418	T	G
18	59377139	MU54628039	G	A
18	35231722	MU68048155	A	G
18	29276018	MU68048007	G	T
18	14900854	MU68047772	G	T
18	65957792	MU68049097	C	A
18	63820043	MU68048979	A	T
18	5699084	MU68047572	A	G
18	4378641	MU68047509	A	T
18	66629053	MU68049109	G	T
18	62180833	MU68048890	T	C
18	31499225	MU68048043	G	A
18	41147754	MU68048340	T	C
18	29358068	MU68048012	C	T
18	25816124	MU68047875	T	A
18	10158701	MU68047679	G	A
18	49206011	MU68048391	A	G
18	21454364	MU68047820	T	C
18	54856771	MU68048498	G	T
18	24540520	MU65352363	C	T
18	15001416	MU68047774	T	C
18	60986917	MU68048810	G	A
18	64625884	MU68049022	T	G
18	60987853	MU68048854	G	A
18	60985790	MU68048704	G	A
18	75265713	MU68049288	G	A
18	60986994	MU68048838	G	A
18	60985363	MU68048685	C	T
18	64002925	MU68048982	C	T
18	46871019	MU68048366	A	C
18	60983902	MU68048603	T	A
18	11354793	MU68047712	A	G
18	40963446	MU68048331	G	A
18	75399221	MU68049293	C	T
18	32155182	MU68048074	C	A
18	9320870	MU68047657	G	T
18	74298917	MU68049255	T	C
18	26386807	MU68047893	C	G
18	24736884	MU68047848	T	C
18	39984050	MU68048311	T	C
18	51211262	MU68048450	G	A
18	28546747	MU68047958	T	C
18	60825785	MU68048573	A	C
18	32008592	MU68048056	A	C
18	62236268	MU68048920	G	A
18	60985717	MU68048700	T	C
18	36218435	MU68048184	C	A
18	44263014	MU68048364	A	T
18	11299961	MU68047707	T	C
18	22438311	MU68047826	G	T
18	65505640	MU68049064	G	T
18	60985795	MU68048720	C	G
18	20208823	MU68047785	A	G
18	38033815	MU42824867	G	A
18	35740393	MU68048160	A	G
18	59499011	MU68048531	C	A
18	60986243	MU1466459	A	C
18	21091036	MU68047787	A	T
18	76734137	MU68049349	G	A
18	60986989	MU68048827	G	A
18	12740113	MU68047716	C	A
18	4776908	MU68047541	T	A
18	60985015	MU1415716	C	G
18	65320799	MU68049057	T	G
18	60986407	MU68048784	T	C
18	60984081	MU68048645	T	C
18	48184732	MU41139436	G	A
18	77780313	MU68049381	G	A
18	25976093	MU68047891	G	C
18	73332467	MU68049219	G	A
18	75443755	MU28905496	C	T
18	62542494	MU68048922	A	T
18	4242069	MU68047501	G	A
18	4504843	MU68047516	G	T
18	40247318	MU68048326	T	C
18	27369598	MU68047938	C	G
18	38617804	MU68048281	A	G
18	50822335	MU68048438	C	T
18	50603855	MU68048416	C	G
18	50568811	MU68048412	G	A
18	52439657	MU68048476	A	G
18	51180989	MU68048441	C	T
18	41917200	MU68048342	G	C
18	6115948	MU68047596	G	T
18	27227611	MU68047910	G	T
18	6388558	MU5439545	C	T
18	63667999	MU68048977	A	T
18	5959155	MU68047589	G	A
18	75871781	MU68049295	G	A
18	66715535	MU68049122	G	A
18	64256400	MU68048990	A	T
18	44242192	MU68048358	T	C
18	60986069	MU1361724	T	C
18	62186242	MU68048905	A	T
18	60823118	MU68048558	G	A
18	63501954	MU68048974	C	T
18	40098837	MU68048314	T	A
18	38447264	MU68048262	A	C
18	39072229	MU68048299	G	T
18	72858379	MU68049216	G	C
18	64617090	MU68049010	G	T
18	47421814	MU68048369	G	T
18	59104190	MU68048523	A	T
18	71887673	MU68049191	A	T
18	60983970	MU67913985	G	A
18	60988082	MU68048886	T	G
18	45115128	MU36562910	G	A
18	49801255	MU68048408	C	A
18	5938404	MU68047580	G	T
18	32256795	MU68048086	T	A
18	19478874	MU68047780	C	A
18	60985075	MU68048671	A	C
18	60887981	MU68048589	A	C
18	60825803	MU68048581	T	G
18	37617770	MU68048233	A	G
18	39395847	MU68048301	A	G
18	10410281	MU68047689	T	A
18	37841257	MU68048244	C	A
18	7122662	MU68047625	G	T
18	27702026	MU68047939	T	A
18	42983904	MU68048356	T	C
18	50801801	MU68048435	G	A
18	60988028	MU68048860	T	C
18	60550069	MU68048556	C	T
18	21325482	MU68047805	G	A
18	34616690	MU68048149	G	T
18	52314257	MU68048466	A	T
18	37406869	MU68048215	A	T
18	7929955	MU68047638	G	T
18	60410277	MU68048552	T	G
18	68844867	MU68049137	C	T
18	72208361	MU68049195	G	T
18	38632164	MU68048291	G	A
18	1030712	MU68047452	G	T
18	13059633	MU68047751	G	T
18	5534560	MU68047557	C	T
18	51367423	MU68048453	C	T
18	67200957	MU68049128	T	C
18	60984089	MU68048659	C	T
18	65541283	MU68049067	A	T
18	65599287	MU68049078	G	T
18	54953969	MU68048512	G	A
18	12870332	MU68047719	A	G
18	74759286	MU68049278	C	T
18	6671317	MU68047616	T	C
18	74031984	MU68049234	C	T
18	64885775	MU68049045	C	A
18	76030364	MU68049342	T	G
18	64215692	MU68048987	G	T
18	68938309	MU68049142	A	T
18	6130221	MU68047603	C	T
18	62806282	MU68048958	C	A
18	70176332	MU68049179	T	G
18	33078380	MU68048112	G	T
18	4702054	MU68047528	C	A
18	35185687	MU68048152	C	T
18	58459325	MU68048518	A	C
18	10138248	MU68047667	G	A
18	13057464	MU68047742	T	C
18	26646323	MU68047900	C	A
18	32008593	MU68048060	C	G
18	60986651	MU68048798	G	A
18	58434346	MU68048516	T	G
18	60986965	MU68048820	C	T
18	9035519	MU68047641	G	A
18	25729603	MU68047856	T	C
18	25730140	MU68047869	C	A
18	68943705	MU68049148	T	C
18	69902231	MU68049160	T	A
18	74027584	MU68049221	C	T
18	60988035	MU67843714	C	T
18	60917598	MU68048596	G	A
18	60984025	MU68048617	A	T
18	60985101	MU68048675	C	G
18	39744421	MU68048309	T	G
18	36003312	MU68048183	T	C
18	60984050	MU68048628	G	C
18	29065359	MU68047984	A	T
18	60986515	MU68048787	G	A
18	33845815	MU68048129	T	A
18	22806338	MU68047829	C	T
18	50758192	MU68048431	A	T
18	5658278	MU68047568	A	G
18	60986420	MU1626069	G	C
18	22285576	MU68047825	C	A
18	51957965	MU68048460	A	T
18	11195689	MU68047696	C	T
18	72440669	MU68049214	G	C
18	37640526	MU68048242	G	A
18	38313982	MU68048248	A	T
18	2876083	MU68047492	G	A
18	33141978	MU9354072	C	A
18	28401453	MU68047953	G	T
18	12905141	MU68047722	A	T
18	60986652	MU67973510	C	T
18	60984056	MU68048633	G	T
18	60984006	MU49939493	G	A
18	36617480	MU68048185	C	A
18	31723015	MU68048051	A	C
18	5264831	MU68047548	C	T
18	31079252	MU68048033	A	G
18	62711144	MU68048929	T	G
18	36904592	MU68048187	C	T
18	18824483	MU68047777	T	A
18	37128148	MU68048206	T	A
18	60985900	MU68048741	C	T
18	77401980	MU68049379	G	T
18	60988401	MU68048888	A	G
18	62733842	MU68048943	C	A
18	70511612	MU68049184	C	A
18	60988040	MU68048864	T	A
18	60985417	MU68048691	G	A
18	30005940	MU68048028	T	C
18	31350941	MU68048042	A	C
18	28636676	MU68047968	G	A
18	2754611	MU68047487	A	T
18	48814371	MU68048372	G	T
18	35708972	MU68048158	T	C
18	28404029	MU68047955	G	T
18	28696900	MU68047977	G	A
