5	30639615	MU48839947	C	T
5	174864863	MU49598926	C	A
5	27783554	MU49865947	C	T
5	121059917	MU49187731	G	A
5	73769406	MU49794799	C	T
5	106436053	MU49079638	G	A
5	49483583	MU49567384	C	T
5	81753779	MU49387348	C	T
5	24969163	MU49219564	C	T
5	3623710	MU42638766	C	T
5	84959110	MU48994615	G	A
5	164323781	MU49491331	C	T
5	153905838	MU49834615	G	A
5	23666069	MU49019809	G	A
5	46242576	MU49680058	C	T
5	35908339	MU49170649	G	A
5	97609355	MU48836548	C	T
5	32509397	MU49246687	G	A
5	63211889	MU49888393	G	A
5	50680552	MU49346941	G	A
5	167319444	MU34931877	C	T
5	135157146	MU48907291	C	T
5	16240988	MU49486432	C	T
5	24561702	MU49324354	C	T
5	52997664	MU33800871	C	T
5	19504269	MU49585759	G	A
5	42363678	MU49458037	G	T
5	180304367	MU47164453	C	T
5	120412007	MU49555471	A	G
5	158554810	MU49515262	C	T
5	32757610	MU49737400	A	G
5	105002686	MU49802245	A	G
5	123180810	MU49452130	C	T
5	52013680	MU48968809	C	T
5	13048908	MU49071799	C	A
5	63088	MU49848496	C	T
5	105281417	MU49044661	G	A
5	57084058	MU48805447	G	A
5	53874082	MU49283299	C	T
5	111036800	MU49568224	G	A
5	101916046	MU49442029	C	T
5	84535838	MU48854980	G	A
5	84695397	MU49117972	G	A
5	101644655	MU49302211	G	T
5	90142410	MU49828366	C	T
5	87656115	MU49541407	T	G
5	83528156	MU49358872	G	A
5	84403134	MU49786927	C	T
5	30145639	MU49216507	G	A
5	153057087	MU49032808	C	T
5	75766630	MU49725469	C	T
5	55437652	MU49758616	C	T
5	5615878	MU49183030	C	T
5	28313700	MU49758289	A	G
5	16385950	MU49611355	C	T
5	17800151	MU48846532	C	T
5	84383544	MU48801982	C	T
5	78033757	MU49163308	C	T
5	36343351	MU48981433	C	T
5	169795099	MU48895318	C	T
5	88864440	MU49640425	C	T
5	105078099	MU34915761	G	A
5	100962640	MU49848559	G	A
5	74480904	MU49673311	G	A
5	42283262	MU48931393	G	A
5	110403168	MU49549171	C	T
5	166911909	MU48819394	A	G
5	58631342	MU48832672	G	A
5	98888786	MU49132357	G	A
5	52112427	MU48962968	G	A
5	33835696	MU40906371	G	A
5	86111501	MU49680847	C	T
5	166541402	MU48973678	A	G
5	92909841	MU49528990	G	A
5	20400379	MU49242706	G	A
5	28096910	MU49134700	G	A
5	161338282	MU49181638	C	T
5	49857647	MU48860716	G	A
5	117063003	MU49483408	G	A
5	171178255	MU49565371	G	A
5	177836743	MU49068160	G	A
5	114316413	MU48809128	G	A
5	113542749	MU49252051	C	T
5	160963295	MU49549315	G	A
5	108918016	MU49353673	C	T
5	100699397	MU49324189	T	G
5	12391440	MU45673762	G	A
5	136455839	MU49438765	T	G
5	84609957	MU48869779	G	A
5	50172284	MU48895390	C	T
5	113057916	MU49847521	G	A
5	129790878	MU49231951	C	T
5	11993004	MU40769286	C	T
5	89181885	MU49384327	G	A
5	88678667	MU49821334	C	T
5	105073708	MU49253188	G	A
5	17954042	MU49108567	G	A
5	5724266	MU49687909	C	T
5	27679683	MU40621281	G	A
5	2506437	MU48854566	A	G
5	105863096	MU49331020	C	T
5	163903193	MU49324501	C	T
5	3964241	MU48955483	C	T
5	130282668	MU49871494	G	A
5	89545585	MU49633168	C	A
5	2030517	MU32793676	C	T
5	27026444	MU38281445	C	T
5	28159784	MU41154444	G	A
5	16316609	MU41823735	C	T
5	168064207	MU42962679	G	A
5	42160966	MU43508746	C	T
5	24483766	MU48076637	G	A
5	12207247	MU48799130	C	T
5	11945818	MU48799310	G	A
5	21750012	MU48810626	G	A
5	44280803	MU48816161	G	A
5	174694690	MU48819179	G	A
5	23368260	MU48822917	C	T
5	63310440	MU48823730	G	A
5	129056864	MU48824342	A	G
5	20318080	MU48853463	G	A
5	26200647	MU48860207	C	T
5	129048654	MU48861578	G	A
5	23763747	MU48880076	G	A
5	144620891	MU48897650	G	A
5	168804882	MU48904781	G	A
5	106421964	MU48917765	G	A
5	147213223	MU48925388	C	T
5	36772899	MU48925469	G	A
5	18967575	MU48930647	G	A
5	107637413	MU48934247	T	C
5	154825302	MU48935600	C	T
5	114951301	MU48984389	G	A
5	33244995	MU48988451	G	A
5	101071757	MU48989045	C	T
5	122570954	MU44093632	C	T
5	68161079	MU49060037	C	T
5	23250489	MU49062167	G	A
5	81813574	MU49081649	G	A
5	40091117	MU49094720	C	A
5	92357542	MU49120229	C	T
5	51158910	MU49126469	G	A
5	121779378	MU49153739	G	A
5	160496756	MU49156862	G	A
5	67339538	MU49185488	G	A
5	11469855	MU49187750	C	T
5	171196069	MU44681989	G	A
5	162730017	MU49190156	C	T
5	42616942	MU49227632	G	A
5	32679894	MU49236755	G	A
5	146358554	MU49243418	C	A
5	100934539	MU49245386	G	A
5	22205234	MU49246277	T	A
5	19365294	MU49255532	C	T
5	94987102	MU49278830	A	T
5	7149603	MU49285892	G	A
5	87581432	MU49301156	C	T
5	111427861	MU49301684	C	T
5	28929271	MU49340966	G	A
5	45946404	MU49341431	G	T
5	134451342	MU49343888	G	A
5	83586141	MU49345967	C	T
5	51329546	MU49382744	C	T
5	30141410	MU49386245	C	T
5	95317375	MU49404365	C	T
5	87802067	MU49415387	C	T
5	50864561	MU49436720	T	C
5	114047649	MU49460804	A	G
5	112783334	MU49471862	G	A
5	65983859	MU49492391	G	A
5	168241592	MU49512257	G	A
5	5900264	MU49514750	C	T
5	180199582	MU49527569	G	A
5	82178529	MU49548212	G	A
5	124998006	MU49567154	C	T
5	120767584	MU49581323	C	T
5	11799753	MU49584395	C	T
5	27525541	MU49587002	C	T
5	63717703	MU49587017	C	T
5	62506570	MU49598369	C	T
5	19038401	MU49608176	C	T
5	148015223	MU49613684	G	A
5	30485984	MU49613813	G	A
5	25637909	MU49621982	T	G
5	107363673	MU49622279	T	G
5	4162040	MU49634771	A	G
5	13065518	MU49652816	C	T
5	42597830	MU49652966	G	A
5	28530474	MU49692119	C	T
5	26317367	MU49710716	G	A
5	2249161	MU49715342	C	T
5	120442042	MU49720487	C	T
5	46171852	MU49755089	G	A
5	27381419	MU49765763	G	A
5	119205497	MU49772891	C	T
5	50756559	MU49801502	G	A
5	20737006	MU49824341	C	T
5	119541904	MU49865489	C	T
5	2900677	MU49872698	C	T
5	162788055	MU37230746	G	A
5	28682474	MU45461903	C	T
5	42734406	MU42416434	C	T
5	33162487	MU39753041	G	A
5	32662971	MU35064967	G	A
5	61427060	MU43562440	G	A
5	155500264	MU48706748	C	T
5	84812144	MU48810317	G	A
5	160582653	MU48814841	C	T
5	115282300	MU48816128	G	A
5	108607174	MU48821492	C	T
5	22773433	MU48824198	G	A
5	116095948	MU48833321	G	A
5	161198722	MU48880310	G	A
5	136035884	MU48889256	C	T
5	99298776	MU48894944	G	A
5	2347024	MU48906779	C	T
5	25727162	MU48914945	C	T
5	178439624	MU48916220	C	T
5	12345630	MU48922043	G	A
5	20253967	MU48922142	C	T
5	5678989	MU48938132	G	A
5	40096362	MU48939287	C	T
5	18210485	MU48942746	G	A
5	127644729	MU48961442	G	A
5	49814637	MU48966065	C	T
5	40091907	MU48968999	G	A
5	133287319	MU48971375	G	A
5	3923784	MU48979742	G	A
5	38731930	MU48980528	C	T
5	16939638	MU48985583	C	T
5	144084954	MU10446647	G	A
5	10039347	MU49011353	G	A
5	62130947	MU49027691	G	A
5	90855412	MU49038332	C	T
5	5558894	MU49064513	G	A
5	8212683	MU49066148	C	T
5	12419571	MU49067714	G	A
5	64391282	MU49073294	G	A
5	104518719	MU49077980	G	A
5	154938006	MU49085978	G	A
5	89952312	MU49092680	C	T
5	26752897	MU49099937	C	T
5	109523691	MU49101050	G	A
5	158475175	MU49106738	G	A
5	30867026	MU49127681	C	T
5	87949042	MU49133321	G	A
5	10971706	MU49133714	C	T
5	85190416	MU49136771	G	A
5	91096312	MU49143896	C	T
5	65647844	MU49176584	C	T
5	64695630	MU49190111	C	T
5	174726481	MU49195655	G	A
5	91456707	MU49207619	C	T
5	22898575	MU49212389	G	A
5	7353578	MU49214156	C	T
5	62827189	MU49223213	C	T
5	4892392	MU49230653	C	T
5	116714587	MU49240094	G	A
5	87374767	MU49252235	T	A
5	93664238	MU49291007	G	A
5	134960503	MU49296815	G	A
5	88821166	MU49310447	G	A
5	20482152	MU49322477	C	T
5	142460389	MU49325645	C	T
5	14126231	MU49329443	G	A
5	23034810	MU49379204	C	T
5	161615920	MU49387142	C	T
5	25172170	MU49390571	C	T
5	42204525	MU49391231	C	T
5	33075687	MU49402586	C	T
5	99505253	MU49410620	G	A
5	149519157	MU49441817	G	A
5	177934169	MU49454312	C	T
5	35591151	MU49510676	C	T
5	86863865	MU49556018	G	A
5	49449515	MU49592018	C	T
5	87997015	MU49599071	G	A
5	30636978	MU49599398	G	A
5	79206253	MU49604993	G	A
5	28809038	MU49622003	G	A
5	166553266	MU49625402	G	A
5	45103481	MU49654127	G	A
5	33907253	MU49656422	T	G
5	180501681	MU49660559	C	T
5	96939843	MU49662212	C	T
5	45051523	MU49694600	C	T
5	132098448	MU49733705	G	A
5	103294116	MU49738607	C	T
5	144307325	MU49761065	C	T
5	8224303	MU49764002	G	A
5	136514989	MU49768640	C	T
5	105996086	MU49769384	G	A
5	42920161	MU49770005	C	T
5	16072361	MU49796108	C	T
5	82689393	MU49800104	G	A
5	50291565	MU49804577	T	C
5	41316390	MU49836473	G	A
5	36537282	MU49841981	C	T
5	24290879	MU49848548	A	T
5	101306884	MU49851287	G	A
5	9801597	MU49862210	C	T
5	83306538	MU49878200	C	T
5	24786155	MU49879076	C	T
5	19178419	MU49179834	G	A
5	41164104	MU45892359	C	T
5	110736805	MU49174716	C	T
5	127775739	MU49539591	T	A
5	114210394	MU49099116	G	A
5	22146440	MU48981999	G	A
5	50231028	MU49306407	C	T
5	164062347	MU47383989	C	T
5	27728311	MU49770585	C	T
5	110834766	MU49888035	G	A
5	46145020	MU49709262	C	T
5	27581122	MU46657911	G	A
5	10664711	MU49425948	G	A
5	19445559	MU49703778	T	A
5	30411748	MU49276953	G	A
5	5890824	MU49787118	C	T
5	13119284	MU49796394	G	A
5	24750213	MU48894978	C	T
5	109361577	MU49253181	C	T
5	13446309	MU38275530	C	T
5	122819758	MU49708320	G	A
5	140518848	MU48909735	A	G
5	84944833	MU49122414	G	A
5	44405312	MU49121574	C	T
5	66210675	MU48893265	G	A
5	121988405	MU49781868	G	A
5	36405459	MU49461294	C	T
5	10907646	MU49372143	C	T
5	62680836	MU47917230	G	A
5	76146565	MU49081689	G	A
5	35143719	MU49486161	G	A
5	136010476	MU49864158	C	G
5	33774292	MU49006785	C	T
5	104864477	MU49338075	G	A
5	121587873	MU49388508	G	A
5	86220538	MU49302021	C	G
5	88263918	MU49754796	C	T
5	29859613	MU49537971	G	A
5	9587938	MU49891893	T	G
5	53643318	MU48990807	C	T
5	74795448	MU49197030	G	A
5	53628696	MU49486260	G	A
5	23282343	MU49838766	G	A
5	43428679	MU49233282	C	T
5	62510842	MU45292467	G	A
5	63519139	MU49322364	G	A
5	166843122	MU49217952	G	A
5	160248404	MU48937635	C	T
5	126667694	MU42985289	C	T
5	155577825	MU49324854	A	C
5	13796604	MU48814564	G	A
5	63031100	MU49689460	G	A
5	23547522	MU49045756	G	A
5	58220156	MU49361809	G	A
5	44157931	MU49635403	C	T
5	42832847	MU49384747	C	T
5	20944975	MU48888925	G	A
5	14927045	MU49136542	T	C
5	92423569	MU49508983	C	T
5	22128276	MU49105126	G	A
5	22804099	MU49848289	C	T
5	19173540	MU49724932	G	A
5	167712285	MU49350625	G	A
5	8707261	MU49463323	T	C
5	116920990	MU43329315	A	T
5	83288376	MU49787830	C	A
5	129920731	MU49404715	C	T
5	61282279	MU49197307	C	T
5	26257552	MU49739587	C	T
5	28050889	MU48860314	C	T
5	155196470	MU49015003	G	A
5	121778863	MU46912099	G	A
5	28852965	MU48790864	G	A
5	144193158	MU48499330	C	T
5	108488925	MU49088245	C	T
5	8895236	MU49284625	A	G
5	23867204	MU49292215	C	T
5	10995836	MU48920791	G	A
5	42904199	MU49120765	G	A
5	105162420	MU48970486	G	A
5	77811745	MU49044586	C	T
5	55617606	MU49421806	C	T
5	27601179	MU40245810	C	T
5	120698387	MU49330780	A	G
5	27519581	MU48911023	G	A
5	173823835	MU49698217	G	A
5	95802680	MU49041862	C	T
5	136164849	MU28920030	C	T
5	37927584	MU48866077	C	T
5	95755881	MU49214998	G	A
5	44666942	MU49339000	A	T
5	87763184	MU49202245	C	T
5	26008539	MU49731613	C	T
5	102038618	MU48877396	G	A
5	32885204	MU48873103	C	T
5	121162815	MU49708615	C	T
5	9873458	MU49052635	C	T
5	20813605	MU48808408	C	T
5	11038661	MU48830944	C	T
5	117597965	MU48914440	G	A
5	13205883	MU35748225	G	A
5	45407720	MU49399501	C	T
5	2586042	MU49320370	G	A
5	150304055	MU48901846	C	T
5	30228124	MU48374239	G	A
5	120802735	MU48860284	G	A
5	100797273	MU48897439	C	T
5	84807705	MU49333963	C	T
5	20274575	MU39745927	C	T
5	92325107	MU48976606	G	A
5	117993943	MU49868371	T	C
5	62214253	MU49602418	G	A
5	50384992	MU49378249	C	T
5	75296617	MU49445338	G	A
5	58199415	MU49197574	G	A
5	152175895	MU49548301	G	A
5	58117030	MU49749205	T	G
5	22055029	MU49476424	G	A
5	117544999	MU49752898	C	T
5	30788154	MU49001866	G	A
5	116901102	MU49510582	G	A
5	120387900	MU49852756	G	A
5	27673172	MU49410130	C	T
5	160874109	MU49187443	C	T
5	16192950	MU48821821	C	T
5	12171880	MU49490974	G	A
5	130078675	MU49646032	G	A
5	26117744	MU49017100	C	T
5	9844441	MU49316704	C	T
5	84832408	MU39274225	G	A
5	94460028	MU49772140	G	T
5	17828618	MU49113079	G	A
5	92458823	MU49669048	G	A
5	99637665	MU49450549	G	A
5	127914874	MU49070107	T	G
5	136362558	MU48968557	C	T
5	81474784	MU49424320	C	T
5	13675860	MU49716094	C	T
5	16181407	MU48814465	G	A
5	166277687	MU49251331	G	A
5	45459816	MU49375477	G	A
5	33258351	MU49017973	G	A
5	95021194	MU49517905	C	T
5	22720661	MU48817813	G	A
5	64295120	MU48971311	G	A
5	63781897	MU49077652	C	T
5	94421273	MU49137712	C	T
5	103204566	MU49845484	G	A
5	13495157	MU48962353	C	T
5	113248040	MU49436923	C	T
5	13879248	MU49056712	C	T
5	36018087	MU48843160	G	A
5	6087393	MU49213681	C	T
5	171141178	MU48937669	G	A
5	50170352	MU48997924	C	T
5	113223415	MU49477843	G	A
5	96781112	MU48983239	G	A
5	51508331	MU38127148	C	T
5	33028450	MU49511107	C	T
5	132614991	MU48931777	G	A
5	100331380	MU4186956	C	T
5	26867255	MU49384438	C	T
5	21758130	MU49684840	C	T
5	114150476	MU49307161	G	A
5	62695205	MU49658689	G	A
5	97545956	MU43159650	C	T
5	129873920	MU48797602	C	T
5	131766341	MU49573018	C	T
5	11495279	MU49827799	G	A
5	19737390	MU49255408	C	T
5	97293557	MU49048798	G	T
5	27523997	MU49410214	G	A
5	177670606	MU49558336	G	A
5	161383045	MU39786934	G	A
5	151640863	MU48814645	C	T
5	42548835	MU49470349	C	T
5	162181417	MU49871467	A	T
5	24046376	MU32816820	C	T
5	12309385	MU49735822	G	A
5	28676048	MU49005628	A	C
5	109635725	MU49431034	T	C
5	46350836	MU49320217	C	T
5	5336273	MU49735363	C	T
5	103342870	MU49744075	G	A
5	38356941	MU49758793	A	G
5	42221426	MU49707397	G	A
5	29915302	MU49539916	G	A
5	1932858	MU49398265	C	T
5	19086995	MU49830400	C	T
5	4668372	MU48800536	C	T
5	63366198	MU49155088	G	A
5	174880198	MU49497001	C	T
5	63317887	MU45264011	C	T
5	89132306	MU37159967	C	T
5	117396083	MU37189106	C	T
5	41208236	MU45516215	G	A
5	12448963	MU45825050	C	T
5	25471232	MU5515618	G	A
5	30760176	MU46340417	G	A
5	136042650	MU33828766	G	A
5	22754907	MU39035357	G	A
5	65602401	MU49865301	G	A
5	135677517	MU49250538	G	A
5	20403853	MU49534164	G	A
5	17930749	MU49168437	G	A
5	19152059	MU49815669	G	A
5	161948107	MU49194375	G	A
5	144397780	MU48909789	C	T
5	6157635	MU49042461	G	A
5	36463106	MU49006476	C	T
5	129914840	MU49507533	G	A
5	172399224	MU49333590	G	A
5	64713006	MU49563021	C	T
5	23857686	MU49285260	C	T
5	111389563	MU49883709	C	T
5	22083185	MU43553291	C	T
5	91167556	MU35093516	G	A
5	38087627	MU44538767	C	T
5	84667213	MU41968220	C	T
5	29078729	MU48942375	C	T
5	169211371	MU49224654	C	T
5	30329671	MU49407822	C	T
5	134935190	MU49263819	G	A
5	63718082	MU48972912	G	A
5	13320921	MU49603002	C	T
5	156419468	MU5240270	G	A
5	77123276	MU49137372	G	A
5	42658763	MU49593804	G	A
5	5640163	MU49162806	C	T
5	18980959	MU48881391	T	G
5	50580949	MU49323423	G	T
5	6483659	MU46086651	C	T
5	13824620	MU49581201	G	A
5	158101285	MU48971100	G	A
5	109631445	MU43478150	G	A
5	42412162	MU49718025	C	T
5	84399159	MU49661754	G	A
5	2401698	MU49062522	G	A
5	5818956	MU49665256	G	A
5	53005009	MU49374655	G	A
5	128556270	MU49637617	G	A
5	89376084	MU49163767	C	T
5	44845259	MU48908143	G	A
5	33083344	MU49372228	C	T
5	144441343	MU49679512	C	T
5	111276525	MU49162531	G	A
5	86771025	MU49778989	G	A
5	27145160	MU39271324	C	T
5	19063275	MU48961780	G	A
5	119040120	MU49857415	G	A
5	126544942	MU49607575	G	A
5	105746655	MU49735252	C	T
5	12578708	MU49115542	C	T
5	26016767	MU49675192	G	A
5	86400179	MU49807951	G	A
5	160825046	MU49272142	C	T
5	20028679	MU49311889	C	T
5	28061313	MU41573061	G	A
5	49496065	MU49018225	C	T
5	41196331	MU49009315	G	A
5	12839307	MU49850236	C	T
5	30166772	MU49860316	C	T
5	41051744	MU33635964	C	T
5	6510958	MU49525273	G	A
5	170401521	MU49828792	C	T
5	113110435	MU49408291	C	T
5	31272319	MU49462714	G	A
5	120473586	MU49069360	T	A
5	146126502	MU49433248	C	T
5	99766187	MU49420891	G	A
5	82728116	MU48926026	C	A
5	168610559	MU49220464	G	A
5	168766430	MU48790640	C	T
5	29372452	MU48791270	G	A
5	1947568	MU48812522	C	T
5	41349511	MU48847982	G	A
5	164502118	MU48866837	C	A
5	13878420	MU48870665	G	A
5	124243	MU48888554	C	T
5	62108235	MU48891815	C	T
5	5947151	MU48922955	C	T
5	11537735	MU48928274	C	T
5	41221951	MU48949637	C	T
5	162087153	MU48953021	C	T
5	155320028	MU48973100	A	G
5	44648082	MU48980690	C	T
5	12733604	MU48987077	G	A
5	41434231	MU49002698	A	T
5	51510903	MU49017470	G	A
5	96986915	MU49036817	G	A
5	80477106	MU49056965	G	A
5	143460586	MU49069295	C	T
5	12526922	MU49080704	G	A
5	64897862	MU49083758	G	A
5	25433425	MU49095029	A	C
5	22652121	MU49118630	G	A
5	23876987	MU49119158	G	A
5	86057597	MU49133033	G	A
5	60835407	MU49133507	C	T
5	155612741	MU49142501	C	T
5	9882018	MU49155110	T	C
5	125212485	MU49163096	G	A
5	110764853	MU49164398	G	A
5	96465314	MU49166228	G	A
5	129730360	MU49171967	G	A
5	101815021	MU49175552	C	T
5	19754455	MU49179017	G	A
5	152009825	MU49180910	G	A
5	30754971	MU49192805	G	A
5	173874129	MU49211687	C	T
5	44831977	MU49215908	G	A
5	57523347	MU49218617	G	A
5	24600452	MU49223420	C	T
5	122486847	MU49228652	G	A
5	166436790	MU49231928	C	T
5	168931194	MU49281608	G	A
5	113570126	MU49285439	C	T
5	28921399	MU49312469	G	A
5	89465384	MU49336577	G	A
5	163335171	MU49337765	C	T
5	4390262	MU49356029	G	A
5	166746386	MU49374539	C	T
5	90025213	MU49388996	A	T
5	99078476	MU49394126	C	T
5	101687802	MU49396403	G	A
5	29441430	MU49406225	C	T
5	125188639	MU49457081	G	A
5	63951260	MU49473047	G	A
5	30902097	MU36895108	C	T
5	105085144	MU49515404	C	T
5	50951328	MU49520945	A	T
5	50570149	MU49540103	C	T
5	44462157	MU49545470	C	T
5	61555845	MU49552988	C	T
5	33010041	MU49565858	G	A
5	170784627	MU49566293	C	T
5	6175314	MU49575794	C	T
5	49652429	MU49617920	C	T
5	100382869	MU49618169	A	T
5	28168123	MU49633607	G	A
5	136571345	MU49667156	G	A
5	139579455	MU49667174	C	A
5	62051410	MU49669022	C	T
5	11637835	MU49671131	G	A
5	136266749	MU49677023	G	A
5	5632019	MU49699937	C	T
5	91249418	MU49702451	A	T
5	24917146	MU49708460	C	T
5	22685709	MU49726259	C	T
5	168762133	MU49736159	G	A
5	3623162	MU49740611	G	A
5	84889978	MU49743221	G	A
5	17195872	MU49779125	C	T
5	171065681	MU49781090	G	A
5	163328415	MU49781825	G	A
5	2123857	MU49792982	C	T
5	117499181	MU49798559	G	A
5	11683228	MU49811216	C	T
5	129031696	MU49813430	G	A
5	105405790	MU49819517	G	A
5	29829574	MU49840139	G	A
5	100284994	MU49847402	G	A
5	110168297	MU49856363	C	T
5	42895025	MU49874084	C	T
5	87947820	MU49876505	C	T
5	128899084	MU49882085	G	A
5	121395497	MU49888292	A	G
5	88798548	MU49436832	G	A
5	29599094	MU49769820	G	A
5	68314634	MU49132752	C	T
5	3669814	MU49821483	C	T
5	21827452	MU49355139	G	A
5	46331061	MU48831810	G	A
5	165410615	MU49756440	C	T
5	38273724	MU49318839	G	T
5	128320583	MU49029267	C	T
5	57243489	MU49295361	C	T
5	128199673	MU49507323	C	T
5	67106172	MU49391829	C	T
5	40036883	MU49706706	G	A
5	140388656	MU49382247	G	A
5	26718462	MU49635675	G	A
5	72768603	MU49712190	G	A
5	168484651	MU48986613	G	A
5	113118730	MU48907119	G	A
5	113329045	MU47366481	C	T
5	71196425	MU49251552	G	A
5	42763374	MU49028754	C	T
5	100078087	MU49803726	G	A
5	119554710	MU48383685	G	A
5	5924346	MU48870237	T	C
5	45396518	MU49035930	G	A
5	144027248	MU49203096	C	T
5	29858408	MU49527945	G	A
5	155045405	MU49574211	C	T
5	118292991	MU49321707	A	T
5	62179407	MU49101138	C	T
5	49919632	MU45550848	C	T
5	103381962	MU49834074	T	C
5	151835678	MU49333362	G	A
5	10844793	MU49336695	C	T
5	92700317	MU49469913	G	A
5	23267723	MU49417072	G	A
5	61474771	MU49338148	G	A
5	38611287	MU49386772	C	T
5	28459166	MU49537273	C	T
5	22605553	MU49158595	G	A
5	5680892	MU49660984	G	A
5	105753386	MU48903574	C	T
5	13248696	MU49829554	G	A
5	23755415	MU49341397	G	A
5	12707988	MU48866035	C	T
5	97312022	MU49804849	G	A
5	106174854	MU49423354	C	T
5	36762312	MU49488940	A	G
5	109452039	MU48840952	G	A
5	160627448	MU49205202	G	A
5	161079846	MU48813459	C	T
5	153122243	MU49345074	G	A
5	13593313	MU49016295	G	A
5	152625226	MU49666344	C	T
5	84805351	MU43609280	G	A
5	50776021	MU49276758	C	T
5	160825042	MU49162116	T	C
5	135720105	MU49610361	G	A
5	11856727	MU49823820	G	A
5	2345192	MU49624764	G	A
5	135298141	MU32915525	G	A
5	2677366	MU49392492	G	A
5	33613774	MU49541832	G	A
5	114224454	MU49553727	G	A
5	164670921	MU49716207	G	A
5	91955593	MU49282302	C	T
5	38750326	MU49788969	G	A
5	22323700	MU49781215	G	A
5	144015997	MU43258191	G	A
5	84891595	MU48881077	G	A
5	157176596	MU49369426	G	A
5	114192794	MU48192625	G	A
5	65324614	MU49237297	C	T
5	113507945	MU48932212	G	A
5	29327115	MU40982163	C	T
5	120052397	MU48814006	C	T
5	62674930	MU48900598	C	T
5	40590380	MU49380481	C	T
5	30842187	MU49769206	T	C
5	128200413	MU49664758	G	A
5	19858323	MU49485193	G	A
5	130181272	MU49038403	G	A
5	22731812	MU39746824	C	T
5	91936654	MU49053499	G	A
5	29335894	MU44290554	G	A
5	28651404	MU49786384	C	T
5	42993080	MU49638229	G	A
5	172009964	MU48923254	C	T
5	15431197	MU48949159	C	T
5	63429650	MU49753906	C	T
5	26631292	MU49043962	G	A
5	21625090	MU49288576	C	T
5	26001316	MU49131100	C	T
5	22722253	MU49172314	C	T
5	30549413	MU49056829	C	T
5	160946744	MU41527059	G	A
5	28906092	MU49742377	G	A
5	122463971	MU49593049	A	G
5	105959985	MU48805822	G	A
5	12229481	MU46365964	C	T
5	59283020	MU49782571	A	G
5	152503707	MU32927226	G	A
5	111493345	MU49108513	C	T
5	11687194	MU49751119	C	T
5	36344161	MU46885516	C	T
5	45025905	MU49743055	G	A
5	95790932	MU49868833	C	T
5	99262948	MU49636072	G	A
5	52807726	MU49851853	C	T
5	96819201	MU49054519	A	G
5	143437183	MU49309354	G	A
5	28594324	MU42597246	G	A
5	50752594	MU48805439	C	T
5	2728192	MU48820520	C	T
5	12116695	MU48824546	C	T
5	4774350	MU48835670	G	A
5	22392401	MU48837500	G	A
5	30745145	MU48844922	G	A
5	98967751	MU48864542	C	T
5	84738472	MU48873647	G	A
5	146164572	MU48878453	G	A
5	19898169	MU48902129	C	T
5	93597295	MU48903155	C	T
5	154874473	MU48908105	C	T
5	27887098	MU48914108	C	T
5	32657867	MU48920576	C	T
5	99006272	MU48927803	C	T
5	121724488	MU48936386	A	G
5	124499275	MU48952175	G	A
5	11866800	MU48957008	G	A
5	126482711	MU48975932	C	T
5	80558263	MU49006505	G	A
5	157220348	MU49025315	A	T
5	10953178	MU49030904	C	T
5	135342844	MU49031909	C	T
5	152659895	MU49043975	G	A
5	136153141	MU49078544	G	A
5	144111093	MU49078676	C	T
5	78478930	MU49083623	G	A
5	44698673	MU49089368	C	T
5	28240313	MU49108364	G	A
5	58285681	MU49110440	G	A
5	135254151	MU49116776	T	C
5	20231730	MU49126070	G	A
5	23380560	MU49129679	G	A
5	135931891	MU49142069	G	A
5	46073486	MU49154309	G	A
5	111491149	MU49177148	C	T
5	29347017	MU49184357	C	T
5	50068269	MU49201193	C	T
5	137000598	MU49252766	G	A
5	160439454	MU49267997	C	T
5	164502429	MU49281359	C	T
5	13726538	MU49286543	G	A
5	80407077	MU49291541	C	T
5	30355677	MU49315025	C	T
5	136140951	MU49322465	T	C
5	38197159	MU49332776	G	A
5	83490334	MU49358453	G	A
5	64757313	MU49370642	G	A
5	51202494	MU49372790	C	T
5	96759619	MU49382012	C	T
5	117972020	MU49394417	G	A
5	90942266	MU49398350	G	A
5	45054207	MU49408253	G	A
5	155802144	MU49422422	C	T
5	96355204	MU49432241	G	A
5	98703184	MU49434218	C	T
5	135105654	MU49446479	C	T
5	114013829	MU49453376	G	A
5	39828741	MU49462730	G	A
5	25637918	MU49469807	T	C
5	30509865	MU49479365	G	A
5	38638321	MU49481603	C	T
5	164158064	MU49502117	G	A
5	84431065	MU49505288	C	T
5	6259649	MU49519508	C	T
5	40812532	MU49525664	G	A
5	153009895	MU49535036	C	T
5	25466112	MU49538633	C	T
5	73644816	MU49559852	T	G
5	29080228	MU49561040	C	T
5	13126070	MU49589369	C	T
5	41021061	MU49602785	G	A
5	60993647	MU49606088	C	T
5	12628565	MU49606451	G	A
5	78993160	MU49640060	C	T
5	166244057	MU49646741	G	A
5	103395759	MU49682891	G	A
5	50598418	MU49698614	C	T
5	81206770	MU49708571	C	T
5	113473846	MU49712228	C	T
5	110192869	MU49714178	G	A
5	25820790	MU49730543	T	G
5	164597490	MU49731041	C	T
5	24979885	MU49734275	G	A
5	16418484	MU49734671	G	A
5	175009850	MU49735595	G	A
5	24427630	MU49738118	C	T
5	13552296	MU49746221	G	A
5	17954364	MU49763990	G	A
5	12114978	MU49766252	G	A
5	89400433	MU49771283	G	A
5	157481533	MU49787138	G	T
5	161371076	MU49818773	C	T
5	15897184	MU49828589	G	A
5	139071635	MU49848899	C	T
5	141584886	MU49852166	C	T
5	146175669	MU49719252	G	A
5	5822635	MU49827786	G	A
5	24386908	MU48803433	C	T
5	154668011	MU49302636	G	A
5	100302497	MU49445265	G	A
5	30422201	MU49126434	G	A
5	41371630	MU49337979	G	A
5	45432474	MU49879860	C	T
5	83955413	MU49604097	G	A
5	28198257	MU48846876	C	T
5	159053052	MU48929478	G	A
5	113607293	MU49322748	G	A
5	60964348	MU49507242	T	C
5	126598349	MU49796037	G	A
5	90890004	MU49520559	G	A
5	33231494	MU49873680	C	T
5	24813457	MU49459611	G	A
5	161281427	MU49085490	C	T
5	77937747	MU49411578	C	T
5	113908442	MU49521732	C	T
5	26709841	MU49189749	G	A
5	71244921	MU49326966	G	A
5	102087161	MU49520412	G	A
5	26752278	MU42480056	G	A
5	20888131	MU49654098	G	A
5	4784726	MU48881862	G	A
5	104930911	MU49208727	C	T
5	140494193	MU49378923	T	A
5	30810980	MU49588722	C	T
5	166927082	MU26614433	A	T
5	29412900	MU49076922	C	T
5	80356877	MU49338750	C	T
5	24905065	MU49839444	C	T
5	24867809	MU49685775	C	T
5	77491006	MU49311063	G	A
5	167265494	MU49735047	C	T
5	167037369	MU41088824	G	A
5	114023060	MU48878808	G	A
5	29373316	MU41240477	C	T
5	50331985	MU48943182	G	A
5	90989064	MU49298292	C	T
5	22984146	MU49016649	G	A
5	9866108	MU48908958	C	T
5	46257097	MU49134561	G	A
5	128276293	MU49083243	C	T
5	19383200	MU48856080	C	T
5	151915674	MU49505532	T	G
5	85964469	MU2565919	C	T
5	57675000	MU48910164	C	T
5	94919648	MU48892749	C	T
5	137233665	MU48997839	T	A
5	3305182	MU49556271	A	G
5	22231021	MU49754220	G	A
5	105102112	MU49455729	G	A
5	27689380	MU49824327	G	A
5	11073541	MU49238052	C	T
5	26631202	MU49159902	G	A
5	113360849	MU49315137	C	T
5	20104293	MU49658289	C	T
5	164048966	MU49329099	G	A
5	24965868	MU49808619	A	G
5	62345881	MU49117452	C	A
5	4760869	MU49593573	C	T
5	119203365	MU49574895	C	T
5	76060512	MU49141569	C	T
5	63214594	MU39273447	C	T
5	27822839	MU49274742	G	A
5	99630445	MU48829794	A	G
5	111217570	MU49051398	G	C
5	5654851	MU40591519	G	A
5	9960389	MU41533147	G	A
5	4274067	MU46357487	G	A
5	19581934	MU42531577	G	A
5	16135550	MU49863834	G	A
5	75146602	MU49733847	G	A
5	148777252	MU49176972	T	C
5	38704661	MU49701543	C	T
5	15082137	MU49280619	C	T
5	135662658	MU49132884	G	A
5	81817413	MU49240248	C	T
5	6230046	MU49536918	C	T
5	9769973	MU49727154	G	A
5	139478573	MU49082673	G	A
5	130187309	MU42631139	G	A
5	136457944	MU12644233	A	G
5	105069477	MU49664532	G	A
5	30486101	MU37562442	C	T
5	4679577	MU49689069	G	A
5	22216563	MU48962592	C	T
5	30229387	MU49565073	C	T
5	178859499	MU49314123	A	C
5	136028963	MU49702302	C	T
5	12679442	MU48933897	G	A
5	30664461	MU49326267	C	T
5	117878584	MU45568692	C	T
5	50661594	MU48382167	G	A
5	164701247	MU49074768	G	A
5	91008995	MU49372608	G	A
5	9950231	MU49841580	G	A
5	5817109	MU48818466	T	C
5	30881715	MU49620408	C	T
5	151798097	MU49215585	G	A
5	129948203	MU49551849	G	A
5	7350212	MU49265034	T	G
5	16334375	MU39270336	G	A
5	127677999	MU49600875	G	A
5	83758352	MU49205784	A	G
5	12604990	MU49398321	C	T
5	98657891	MU48905322	T	C
5	83157498	MU49743882	G	A
5	149722924	MU49124418	G	A
5	25637948	MU49147755	T	A
5	26804763	MU49828533	G	A
5	130187316	MU48085269	C	T
5	126047465	MU49192926	G	A
5	113926976	MU49705818	C	T
5	11481088	MU48806817	G	A
5	25918824	MU49514568	G	A
5	160319731	MU49270446	G	A
5	12181402	MU48842574	C	T
5	174707062	MU49400634	G	T
5	26006966	MU49763913	C	T
5	45461495	MU8227355	G	T
5	19866158	MU49487361	G	A
5	144581525	MU49598436	C	T
5	52511580	MU48886152	C	T
5	37306253	MU49793448	G	T
5	166969691	MU48992691	C	T
5	164214287	MU48889629	C	T
5	107901315	MU48935568	C	T
5	7141293	MU38121069	C	T
5	45417052	MU48838023	A	C
5	105404493	MU49876167	C	T
5	10956836	MU49478190	G	A
5	84653338	MU43160150	C	T
5	166827676	MU49465992	G	A
5	91352362	MU48918558	G	A
5	86774329	MU40703552	G	A
5	135985177	MU49220241	C	T
5	19435202	MU48835464	C	T
5	73671527	MU49793532	G	A
5	22834706	MU49405671	T	C
5	19172218	MU48829065	C	T
5	54498536	MU49341366	A	G
5	2064526	MU49347852	G	A
5	22056631	MU49319970	C	T
5	82432666	MU49170456	C	T
5	126443836	MU49110582	G	A
5	40942167	MU49225008	G	A
5	12627019	MU49599231	G	A
5	2218980	MU49750335	G	A
5	22766169	MU49528710	G	A
5	101804561	MU48870834	C	T
5	39998150	MU49115187	A	G
5	128230236	MU49653036	C	T
5	7459543	MU48831273	C	T
5	166728019	MU49276587	G	A
5	98302989	MU49732782	G	A
5	50447846	MU34631090	G	A
5	18121754	MU49397697	G	A
5	5546397	MU49559631	C	T
5	82308292	MU49871661	T	C
5	42309762	MU49105353	C	T
5	99567493	MU48964395	G	A
5	25993935	MU49068339	C	T
5	46252344	MU48849108	G	A
5	135433618	MU49019946	G	A
5	46174982	MU48811914	C	T
5	74285965	MU30821017	A	T
5	120359109	MU49747713	G	A
5	41396749	MU48707574	G	A
5	100396919	MU45387294	G	A
5	109123372	MU49372977	A	T
5	180575101	MU49705179	C	T
5	3915629	MU49039977	C	T
5	25882767	MU49815447	C	T
5	67255203	MU49496910	T	G
5	124879571	MU49277328	G	A
5	115716270	MU49017771	C	T
5	118780757	MU48893949	G	A
5	98626787	MU48889401	C	T
5	152245753	MU49108011	G	A
5	17436102	MU48850407	G	A
5	86935138	MU48881283	G	A
5	91420200	MU48856416	G	A
5	162741940	MU48818649	C	T
5	103686642	MU49832718	G	A
5	62362670	MU33283841	C	T
5	147881875	MU49728114	G	A
5	97559171	MU44025308	C	T
5	6064096	MU44284721	G	A
5	31685279	MU49422645	C	T
5	105380865	MU48947235	C	T
5	51224337	MU49433982	C	T
5	42517836	MU49734186	T	A
5	27534057	MU49543722	C	T
5	12921848	MU49027833	C	A
5	116350101	MU49592229	A	G
5	152287898	MU49226805	G	A
5	13881751	MU49171251	G	A
5	113944983	MU49504008	G	A
5	38418326	MU49095681	C	T
5	128211357	MU49461141	G	A
5	116943275	MU49645431	C	T
5	94438099	MU48795826	C	T
5	20025177	MU48808687	C	T
5	19742171	MU48812662	A	T
5	6244082	MU48814165	G	A
5	111490258	MU48826720	G	A
5	110177538	MU48845596	G	A
5	30380325	MU48855874	G	A
5	130179112	MU48922549	C	T
5	86029558	MU48933097	C	T
5	27432868	MU48951691	C	T
5	62236416	MU48960880	G	A
5	121571244	MU48967018	T	A
5	89390471	MU48973321	G	A
5	13295302	MU36358554	C	T
5	63241057	MU49003252	C	T
5	9833804	MU49015561	G	A
5	27958219	MU49018711	G	A
5	32960390	MU49018843	G	A
5	7011327	MU49020901	G	A
5	42140620	MU49062271	G	A
5	111871489	MU49062961	G	A
5	93143786	MU49087708	G	A
5	14130513	MU49091617	C	T
5	102057228	MU49116394	G	A
5	15044973	MU49123909	T	C
5	5886909	MU49127626	C	T
5	3358010	MU49130761	G	A
5	116496852	MU49145608	G	A
5	41107333	MU49160326	C	T
5	166434793	MU49164586	G	A
5	99043711	MU49174831	C	T
5	12614039	MU49176598	C	T
5	22732515	MU49184290	G	A
5	20448873	MU49195885	G	A
5	4629931	MU49195900	A	C
5	164228947	MU49200970	C	T
5	105126709	MU49218706	C	T
5	15312723	MU49237219	G	A
5	96748743	MU49238179	C	T
5	167048036	MU49238443	G	A
5	150574607	MU49271671	C	T
5	19533075	MU49286110	C	T
5	122545771	MU49289542	G	A
5	23207393	MU49304971	C	T
5	108868567	MU49318747	C	T
5	84388562	MU49346287	C	T
5	121465071	MU49348483	T	C
5	6914604	MU49366216	C	T
5	113165280	MU49414252	G	A
5	28685759	MU49421953	C	T
5	5779688	MU49435006	G	A
5	84524722	MU49437169	C	T
5	7015327	MU49449892	C	T
5	149744568	MU49469296	C	T
5	29792666	MU49472704	C	T
5	170449978	MU49497196	C	T
5	24959346	MU49499080	G	A
5	164096605	MU49501828	G	A
5	15044976	MU49506241	C	A
5	162058870	MU49520593	C	T
5	22735557	MU49592398	G	A
5	122487407	MU49610218	C	T
5	163909657	MU49612498	C	G
5	119437927	MU49615846	G	A
5	19931015	MU49631800	G	A
5	160407765	MU49642969	G	A
5	152411319	MU49644901	G	A
5	128034935	MU49652872	C	T
5	12152194	MU49656982	G	A
5	62503561	MU49684222	G	A
5	21613869	MU49698973	C	T
5	87225901	MU49712749	C	T
5	169293791	MU49736365	C	T
5	25112132	MU49737322	G	T
5	114015161	MU49752352	C	T
5	63238591	MU49754509	G	A
5	15190639	MU49756048	C	T
5	162417765	MU49760368	G	A
5	38247551	MU49760881	G	A
5	26068905	MU49786030	C	T
5	144169471	MU49795993	G	A
5	152356530	MU49843582	G	A
5	91809788	MU49844848	C	T
5	114245065	MU49846123	G	A
5	22111377	MU49853530	C	T
5	15228121	MU49880833	A	C
5	126990654	MU49891954	C	T
5	26664014	MU49264281	C	T
5	20392464	MU49869372	C	T
5	136169095	MU48974082	C	T
5	46062596	MU49148217	G	A
5	111220629	MU49090941	C	T
5	22191224	MU49282050	C	T
5	13003496	MU49380864	C	T
5	30651331	MU49892451	C	T
5	160821139	MU48801717	G	A
5	26335439	MU49226625	G	A
5	138433809	MU49059843	G	A
5	168670218	MU48959823	G	A
5	52069550	MU49330197	G	A
5	4672198	MU49155792	C	T
5	161404473	MU49140282	C	T
5	20226832	MU49225899	G	A
5	153206494	MU49684887	G	A
5	26062568	MU49210350	T	C
5	114198585	MU49825008	T	G
5	20315954	MU48935595	T	C
5	19509781	MU49623480	C	T
5	85249520	MU49297173	G	A
5	112497903	MU48789732	G	A
5	31366303	MU48921567	C	T
5	13229280	MU49086876	G	A
5	76353630	MU49669017	T	C
5	56880279	MU49354113	C	T
5	11709155	MU49804290	G	A
5	166040862	MU49682151	C	T
5	19255233	MU32809466	G	A
5	28934904	MU49473078	G	A
5	22212383	MU49052985	C	T
5	151399446	MU49859409	G	A
5	63977772	MU48789666	C	T
5	41719163	MU49881471	C	T
5	105997533	MU49016211	G	A
5	2189637	MU48912594	C	T
5	13121046	MU49140321	G	A
5	20966777	MU39746247	C	T
5	134821507	MU49461462	C	T
5	24452816	MU48795210	G	A
5	19149197	MU49120851	C	A
5	78495495	MU49171716	G	A
5	23740991	MU48881502	T	A
5	149308375	MU49654446	A	G
5	110160942	MU49436499	C	A
5	3871295	MU49128099	C	T
5	128629354	MU41331707	G	A
5	52356209	MU49086579	C	T
5	20513843	MU49598496	C	T
5	167183253	MU48934419	C	T
5	39726884	MU49308792	G	A
5	90013013	MU43060874	G	A
5	18932444	MU49402740	C	T
5	119063071	MU49740213	C	T
5	41280155	MU49883550	G	A
5	22053968	MU49239870	C	T
5	114642563	MU49031766	G	A
5	157479393	MU49009974	C	T
5	84850689	MU48882510	G	A
5	141628536	MU49767438	C	T
